{
  "MSE": 0.298484,
  "R2": 0.51534
}